,vectorizer_key,model_key,accuracy,roc_auc,precision_0,recall_0,f1_0,precision_1,recall_1,f1_1
0,tfidf_word,SVM,0.6166577682861719,0.5888690750115049,0.6021290751829674,0.8829268292682927,0.7159810126582279,0.6756756756756757,0.294811320754717,0.4105090311986864
0,tfidf_word,LogisticRegression,0.600106780565937,0.5580042712893463,0.5933997509339975,0.9084842707340324,0.7178907721280602,0.6404494382022472,0.20752427184466019,0.31347387717690195
0,count,MultinomialNB,0.6316070475173519,0.6326639999263077,0.6801275239107333,0.6219630709426628,0.649746192893401,0.5826180257510729,0.6433649289099526,0.6114864864864864
1,tfidf_word,MultinomialNB,0.6353443673251469,0.6158419311199126,0.6587561374795418,0.7516339869281046,0.7021369385085041,0.5913978494623656,0.4800498753117207,0.5299380591878872
2,count,ComplementNB,0.6358782701548318,0.6384563412539365,0.6795454545454546,0.5991983967935872,0.6368477103301384,0.5971802618328298,0.6777142857142857,0.6349036402569594
